City_ID,City,Country,Date,Lat,Lng,Max Temp,Humidity,Cloudiness,Wind Speed
0,Salinas,US,2022-08-28 16:31:45,36.6777,-121.6555,62.69,82,100,4.61
1,Russkaya Polyana,UA,2022-08-28 16:32:14,49.417,31.9201,75.51,39,55,4.14
2,Port Lincoln,AU,2022-08-28 16:30:45,-34.7333,135.8667,55.22,84,93,12.5
3,Rikitea,PF,2022-08-28 16:32:14,-23.1203,-134.9692,71.87,76,100,24.38
4,Esperance,AU,2022-08-28 16:27:44,-33.8667,121.9,52.21,60,100,9.86
5,Kargopol,RU,2022-08-28 16:32:15,61.5071,38.9456,67.57,67,37,3.29
6,Aklavik,CA,2022-08-28 16:32:15,68.2191,-135.0107,46.4,100,100,9.22
7,Acari,PE,2022-08-28 16:32:15,-15.4311,-74.6158,75.36,47,62,9.84
8,Albany,US,2022-08-28 16:27:53,42.6001,-73.9662,77.72,75,2,4.0
9,Puerto Ayora,EC,2022-08-28 16:32:16,-0.7393,-90.3518,76.96,83,97,5.01
10,Mahebourg,MU,2022-08-28 16:32:16,-20.4081,57.7,72.25,88,75,9.22
11,Staroaleyskoye,RU,2022-08-28 16:32:16,51.0061,82.0,54.19,41,3,11.21
12,Carnarvon,AU,2022-08-28 16:32:16,-24.8667,113.6333,63.21,57,0,19.84
13,Bathsheba,BB,2022-08-28 16:32:17,13.2167,-59.5167,90.21,66,40,16.11
14,Nishihara,JP,2022-08-28 16:32:17,26.1842,127.7558,84.25,84,40,2.3
15,New Norfolk,AU,2022-08-28 16:32:17,-42.7826,147.0587,48.92,70,100,2.55
16,Dzhebariki-Khaya,RU,2022-08-28 16:32:17,62.2167,135.8,48.24,76,42,0.4
17,Townsville,AU,2022-08-28 16:32:18,-19.25,146.8,70.68,73,100,17.27
18,Khatanga,RU,2022-08-28 16:32:18,71.9667,102.5,33.98,79,43,5.14
19,Faanui,PF,2022-08-28 16:32:18,-16.4833,-151.75,76.8,75,9,8.95
20,Georgetown,MY,2022-08-28 16:32:19,5.4112,100.3354,80.53,93,40,5.99
21,Haukipudas,FI,2022-08-28 16:32:19,65.1765,25.3523,59.05,74,28,12.01
22,Belen,TR,2022-08-28 16:32:19,36.4891,36.2233,78.94,54,0,12.66
23,Punta Arenas,CL,2022-08-28 16:32:19,-53.15,-70.9167,46.51,66,75,24.16
24,Nikolskoye,RU,2022-08-28 16:32:20,59.7035,30.7861,82.29,51,62,3.96
25,Asfi,MA,2022-08-28 16:32:20,32.2994,-9.2372,71.29,76,51,13.89
26,Atuona,PF,2022-08-28 16:32:20,-9.8,-139.0333,77.18,70,21,24.14
27,Kodiak,US,2022-08-28 16:32:20,57.79,-152.4072,51.31,87,100,10.36
28,Avera,US,2022-08-28 16:32:21,33.194,-82.5271,86.56,51,84,9.22
29,Jamestown,US,2022-08-28 16:30:31,42.097,-79.2353,83.01,54,0,4.61
30,Kampene,CD,2022-08-28 16:32:21,-3.6,26.6667,71.46,84,43,3.33
31,Kapaa,US,2022-08-28 16:32:21,22.0752,-159.319,77.32,76,20,14.97
32,Korla,CN,2022-08-28 16:32:21,41.7597,86.1469,74.89,30,41,4.36
33,Pisz,PL,2022-08-28 16:32:22,53.6274,21.8125,77.5,41,25,3.62
34,Port Alfred,ZA,2022-08-28 16:32:22,-33.5906,26.891,58.17,88,1,1.99
35,San Luis De Palenque,CO,2022-08-28 16:32:22,5.4214,-71.7317,88.9,54,30,4.74
36,Tari,NG,2022-08-28 16:32:22,12.4086,4.4914,78.01,80,92,6.24
37,Mazatlan,MX,2022-08-28 16:30:34,23.2167,-106.4167,87.03,81,40,1.99
38,Praia Da Vitoria,PT,2022-08-28 16:32:23,38.7333,-27.0667,77.25,65,20,15.26
39,Margate,GB,2022-08-28 16:30:30,51.3813,1.3862,69.91,67,100,5.99
40,Ribeira Grande,PT,2022-08-28 16:32:23,38.5167,-28.7,77.4,69,75,12.66
41,Bethel,US,2022-08-28 16:32:23,41.3712,-73.414,79.63,72,100,8.05
42,Mataura,NZ,2022-08-28 16:32:23,-46.1927,168.8643,35.37,98,12,2.48
43,Port Elizabeth,ZA,2022-08-28 16:32:24,-33.918,25.5701,61.11,78,0,5.75
44,San Patricio,US,2022-08-28 16:32:24,28.017,-97.5169,91.26,57,10,9.13
45,Paamiut,GL,2022-08-28 16:33:24,61.994,-49.6678,43.74,60,100,2.8
46,Metro,ID,2022-08-28 16:33:24,-5.1131,105.3067,74.16,92,77,3.6
47,Klichka,RU,2022-08-28 16:33:25,50.4457,117.996,50.9,63,49,3.06
48,Havoysund,NO,2022-08-28 16:33:25,70.9963,24.6622,52.03,90,99,10.56
49,Brae,GB,2022-08-28 16:33:25,60.3964,-1.353,52.59,65,5,10.13
50,Bambous Virieux,MU,2022-08-28 16:33:26,-20.3428,57.7575,72.21,88,75,9.22
51,Araouane,ML,2022-08-28 16:33:26,18.9048,-3.5265,96.4,32,52,11.18
52,Srednekolymsk,RU,2022-08-28 16:33:26,67.45,153.6833,53.65,64,86,2.44
53,Busselton,AU,2022-08-28 16:32:47,-33.65,115.3333,49.87,70,95,5.79
54,Longyearbyen,SJ,2022-08-28 16:33:26,78.2186,15.6401,39.04,70,75,6.91
55,Causapscal,CA,2022-08-28 16:33:27,48.3542,-67.227,74.77,39,8,8.12
56,Cidreira,BR,2022-08-28 16:33:27,-30.1811,-50.2056,54.91,57,100,17.11
57,Tiksi,RU,2022-08-28 16:33:27,71.6872,128.8694,40.41,81,29,0.4
58,Vaini,TO,2022-08-28 16:32:47,-21.2,-175.2,69.96,94,20,6.91
59,Bluff,NZ,2022-08-28 16:33:27,-46.6,168.3333,41.47,87,6,5.28
60,Mendi,PG,2022-08-28 16:33:28,-6.1761,143.6513,55.78,98,99,2.77
61,Butaritari,KI,2022-08-28 16:33:28,3.0707,172.7902,80.96,79,44,15.43
62,Port-Gentil,GA,2022-08-28 16:33:28,-0.7193,8.7815,78.76,73,20,10.36
63,Taksimo,RU,2022-08-28 16:33:28,56.3444,114.8794,50.61,91,100,2.48
64,Ancud,CL,2022-08-28 16:33:29,-41.8697,-73.8203,49.6,62,18,5.23
65,Monrovia,LR,2022-08-28 16:31:50,6.3005,-10.7969,75.06,88,100,16.06
66,Brewster,US,2022-08-28 16:33:29,41.3973,-73.6171,79.88,75,100,8.05
67,Viedma,AR,2022-08-28 16:33:29,-40.8135,-62.9967,59.54,19,0,15.41
68,Yellowknife,CA,2022-08-28 16:33:10,62.456,-114.3525,55.92,94,100,11.5
69,Tasiilaq,GL,2022-08-28 16:33:29,65.6145,-37.6368,44.76,95,100,18.79
70,Auki,SB,2022-08-28 16:30:01,-8.7676,160.7034,75.42,90,29,4.88
71,Ushuaia,AR,2022-08-28 16:33:30,-54.8,-68.3,42.46,75,40,6.91
72,Sokoni,TZ,2022-08-28 16:33:30,-6.4333,39.55,75.29,74,37,16.26
73,Sao Filipe,CV,2022-08-28 16:33:30,14.8961,-24.4956,77.99,77,86,12.12
74,Yushala,RU,2022-08-28 16:33:30,57.0761,64.2601,60.55,66,23,3.83
75,Ravar,IR,2022-08-28 16:33:31,31.2656,56.8055,77.16,8,0,8.81
76,Saint George,US,2022-08-28 16:28:54,37.1041,-113.5841,87.44,31,0,6.91
77,Hilo,US,2022-08-28 16:33:29,19.7297,-155.09,78.28,83,75,3.44
78,Tuktoyaktuk,CA,2022-08-28 16:32:49,69.4541,-133.0374,41.0,100,100,8.05
79,Atambua,ID,2022-08-28 16:33:31,-9.1061,124.8925,69.87,86,47,4.54
80,Cape Town,ZA,2022-08-28 16:29:09,-33.9258,18.4232,59.41,60,20,10.36
81,Nizhnyaya Omka,RU,2022-08-28 16:33:31,55.4338,74.9426,57.42,59,1,7.23
82,Whitehorse,CA,2022-08-28 16:33:32,60.7161,-135.0538,47.8,84,20,3.44
83,Arman,RU,2022-08-28 16:33:32,59.7,150.1667,52.02,89,100,7.0
84,Lorengau,PG,2022-08-28 16:33:32,-2.0226,147.2712,80.33,83,79,10.56
85,Cabo San Lucas,MX,2022-08-28 16:30:02,22.8909,-109.9124,89.19,62,40,2.3
86,Dunedin,NZ,2022-08-28 16:30:06,-45.8742,170.5036,48.79,81,35,8.01
87,Hermanus,ZA,2022-08-28 16:33:32,-34.4187,19.2345,54.81,72,11,10.96
88,Kavaratti,IN,2022-08-28 16:33:33,10.5669,72.642,80.73,80,88,19.08
89,Khandbari,NP,2022-08-28 16:33:33,27.3747,87.2039,70.74,93,81,0.72
90,Hobyo,SO,2022-08-28 16:33:33,5.3505,48.5268,75.79,80,6,26.66
91,Willmar,US,2022-08-28 16:30:39,45.1219,-95.0433,73.35,78,100,11.5
92,Kavieng,PG,2022-08-28 16:33:33,-2.5744,150.7967,81.93,79,35,16.26
93,Luderitz,NA,2022-08-28 16:33:34,-26.6481,15.1594,59.9,60,0,26.69
94,Lasa,IT,2022-08-28 16:34:34,46.6166,10.7002,77.88,82,75,1.9
95,Adelaide,AU,2022-08-28 16:32:08,-34.9333,138.6,64.92,44,0,14.97
96,Sao Joao Da Barra,BR,2022-08-28 16:34:34,-21.6403,-41.0511,86.09,70,5,17.34
97,Dikson,RU,2022-08-28 16:34:34,73.5069,80.5464,37.94,97,100,16.28
98,Castro,BR,2022-08-28 16:34:35,-24.7911,-50.0119,78.44,35,48,6.02
99,Asilah,MA,2022-08-28 16:34:35,35.465,-6.0348,85.96,71,30,3.4
100,Nome,US,2022-08-28 16:34:35,64.5011,-165.4064,42.87,76,0,5.75
101,Kampot,KH,2022-08-28 16:34:35,10.6167,104.1833,77.05,88,100,5.93
102,Ponta Do Sol,PT,2022-08-28 16:34:36,32.6667,-17.1,75.0,62,62,4.21
103,Moree,AU,2022-08-28 16:34:36,-29.4667,149.85,52.36,86,1,11.23
104,Chokurdakh,RU,2022-08-28 16:34:36,70.6333,147.9167,45.63,78,88,6.85
105,Port Blair,IN,2022-08-28 16:33:31,11.6667,92.75,80.64,89,40,2.3
106,Peleduy,RU,2022-08-28 16:34:36,59.6289,112.7406,46.53,86,100,9.28
107,Broome,US,2022-08-28 16:34:37,42.2506,-75.833,83.53,66,17,3.0
108,Lebu,CL,2022-08-28 16:33:07,-37.6167,-73.65,54.77,59,0,12.5
109,Saskylakh,RU,2022-08-28 16:34:37,71.9167,114.0833,40.69,68,100,5.55
110,Ajdabiya,LY,2022-08-28 16:34:37,30.7554,20.2263,83.68,64,0,17.29
111,Eureka,US,2022-08-28 16:32:34,40.8021,-124.1637,57.92,88,76,1.01
112,Lagoa,PT,2022-08-28 16:34:38,39.05,-27.9833,71.47,68,100,14.36
113,Rehoboth,NA,2022-08-28 16:34:38,-23.3167,17.0833,70.48,18,0,14.76
114,Iqaluit,CA,2022-08-28 16:34:38,63.7506,-68.5145,47.93,57,75,4.61
115,Waingapu,ID,2022-08-28 16:34:38,-9.6567,120.2641,75.36,85,17,7.14
116,Caravelas,BR,2022-08-28 16:34:39,-17.7125,-39.2481,78.21,63,62,6.24
117,Nanortalik,GL,2022-08-28 16:34:39,60.1432,-45.2371,40.5,94,100,4.83
118,Mar Del Plata,AR,2022-08-28 16:30:04,-38.0023,-57.5575,50.95,61,40,15.99
119,Bredasdorp,ZA,2022-08-28 16:34:39,-34.5322,20.0403,56.52,62,17,9.22
120,Sept-Iles,CA,2022-08-28 16:31:11,50.2001,-66.3821,68.0,67,75,12.66
121,Mahon,ES,2022-08-28 16:32:23,39.8885,4.2658,84.76,51,20,9.22
122,Hobart,AU,2022-08-28 16:34:39,-42.8794,147.3294,49.26,91,75,3.44
123,Binga,ZW,2022-08-28 16:34:40,-17.6203,27.3414,74.26,42,2,4.27
124,Pangody,RU,2022-08-28 16:34:40,65.85,74.4859,42.96,63,100,12.03
125,Trat,TH,2022-08-28 16:34:40,12.5,102.5,82.87,94,94,0.36
126,East London,ZA,2022-08-28 16:31:17,-33.0153,27.9116,65.34,77,0,6.91
127,Saint-Philippe,RE,2022-08-28 16:34:40,-21.3585,55.7679,72.99,88,44,8.77
128,Beringovskiy,RU,2022-08-28 16:34:41,63.05,179.3167,51.39,76,70,2.98
129,Airai,TL,2022-08-28 16:34:41,-8.9266,125.4092,55.99,85,44,2.84
130,Orzhytsya,UA,2022-08-28 16:34:41,49.7918,32.7012,77.22,39,57,6.8
131,Kruisfontein,ZA,2022-08-28 16:34:41,-34.0033,24.7314,58.89,70,42,12.46
132,Hithadhoo,MV,2022-08-28 16:33:37,-0.6,73.0833,82.29,74,73,13.62
133,Thompson,CA,2022-08-28 16:34:42,55.7435,-97.8558,64.56,94,100,2.3
134,Bonavista,CA,2022-08-28 16:34:42,48.6499,-53.1147,64.24,61,11,4.94
135,Lalsk,RU,2022-08-28 16:34:42,60.7415,47.5862,66.83,68,66,4.9
136,Avarua,CK,2022-08-28 16:34:42,-21.2078,-159.775,71.65,94,17,5.75
137,Vryheid,ZA,2022-08-28 16:34:43,-27.7695,30.7917,64.38,60,1,10.56
138,Haines Junction,CA,2022-08-28 16:35:43,60.7522,-137.5108,46.35,87,99,0.0
139,Marawi,PH,2022-08-28 16:35:43,7.9986,124.2928,69.13,93,74,2.33
140,Umm Bab,QA,2022-08-28 16:35:43,25.2142,50.8072,92.57,45,0,12.48
141,Forrest City,US,2022-08-28 16:35:44,35.0081,-90.7898,85.95,64,54,9.46
142,Hailar,CN,2022-08-28 16:35:44,49.2,119.7,54.55,53,55,6.4
143,Premia De Mar,ES,2022-08-28 16:35:44,41.4921,2.3652,90.61,73,0,5.01
144,Torbay,CA,2022-08-28 16:35:31,47.6666,-52.7314,71.89,63,40,8.05
145,Olinda,BR,2022-08-28 16:31:21,-8.0089,-34.8553,82.13,65,20,12.66
146,Mazagao,BR,2022-08-28 16:35:45,-0.115,-51.2894,93.25,43,66,5.21
147,Praya,CV,2022-08-28 16:35:45,14.9215,-23.5087,84.74,61,75,20.71
148,Pevek,RU,2022-08-28 16:35:45,69.7008,170.3133,38.01,81,40,4.63
149,Gold Coast,AU,2022-08-28 16:34:42,-28.0,153.4333,59.18,96,75,5.75
150,Liverpool,GB,2022-08-28 16:34:00,53.4106,-2.9779,76.28,53,40,3.44
151,Ilulissat,GL,2022-08-28 16:35:45,69.2167,-51.1,44.62,61,20,10.36
152,Cherskiy,RU,2022-08-28 16:35:46,68.75,161.3,53.85,66,67,9.35
153,Lahat,ID,2022-08-28 16:35:46,-3.8,103.5333,72.95,97,96,1.59
154,Changli,CN,2022-08-28 16:35:46,39.7042,119.1506,61.45,85,100,5.06
155,Kendari,ID,2022-08-28 16:35:46,-3.945,122.4989,73.53,94,82,2.71
156,Samarai,PG,2022-08-28 16:31:16,-10.6167,150.6667,79.54,83,74,16.69
157,Adoni,IN,2022-08-28 16:35:47,15.6333,77.2833,78.01,78,99,3.89
158,Fort Nelson,CA,2022-08-28 16:35:47,58.8053,-122.7002,54.99,71,75,2.3
159,Naze,JP,2022-08-28 16:35:47,28.3667,129.4833,77.92,82,90,5.14
160,Vao,NC,2022-08-28 16:35:47,-22.6667,167.4833,68.85,72,100,19.62
161,Acarau,BR,2022-08-28 16:32:41,-2.8856,-40.12,88.39,53,89,19.44
162,Thayetmyo,MM,2022-08-28 16:35:48,19.3167,95.1833,78.12,92,33,4.16
163,Ternate,ID,2022-08-28 16:35:48,0.8,127.4,79.83,80,86,1.25
164,Severo-Kurilsk,RU,2022-08-28 16:35:48,50.6789,156.125,60.46,93,44,19.69
165,Rapid Valley,US,2022-08-28 16:35:49,44.0625,-103.1463,77.63,34,0,24.16
166,Grand Gaube,MU,2022-08-28 16:35:49,-20.0064,57.6608,72.37,77,16,7.0
167,Ostrovnoy,RU,2022-08-28 16:35:49,68.0531,39.5131,53.11,92,94,6.91
168,Lompoc,US,2022-08-28 16:30:51,34.6391,-120.4579,60.53,94,100,0.0
169,Cape Coast,GH,2022-08-28 16:35:49,5.1053,-1.2466,76.26,81,99,11.9
170,Pio Xii,BR,2022-08-28 16:35:50,-3.8325,-45.1525,97.56,24,33,4.99
171,Rio Grande,BR,2022-08-28 16:35:50,-32.035,-52.0986,53.71,51,38,19.69
172,Qaanaaq,GL,2022-08-28 16:35:50,77.484,-69.3632,35.76,59,67,3.04
173,Sitka,US,2022-08-28 16:32:54,57.0531,-135.33,55.29,94,100,3.44
174,Inzhavino,RU,2022-08-28 16:35:50,52.3185,42.4937,79.3,19,100,8.99
175,Omboue,GA,2022-08-28 16:35:51,-1.5746,9.2618,75.72,74,44,10.11
176,Kahului,US,2022-08-28 16:35:51,20.8947,-156.47,77.85,75,40,10.36
177,Leningradskiy,RU,2022-08-28 16:35:51,69.3833,178.4167,35.89,94,91,0.4
178,Kaohsiung,TW,2022-08-28 16:33:20,22.6163,120.3133,81.03,82,75,6.91
179,Jeremoabo,BR,2022-08-28 16:35:51,-10.075,-38.4808,78.71,56,84,9.28
180,Axim,GH,2022-08-28 16:35:52,4.8699,-2.2405,77.41,76,100,10.09
181,Tautira,PF,2022-08-28 16:35:52,-17.7333,-149.15,75.85,76,9,4.97
182,Hamilton,US,2022-08-28 16:35:52,39.1834,-84.5333,90.88,61,0,5.75
183,Tazovskiy,RU,2022-08-28 16:35:52,67.4667,78.7,37.4,86,94,13.89
184,Houma,US,2022-08-28 16:35:53,29.5958,-90.7195,89.6,73,40,10.36
185,Shimoda,JP,2022-08-28 16:35:53,34.6667,138.95,70.11,85,91,17.34
186,Alamos,MX,2022-08-28 16:36:53,27.0167,-108.9333,85.73,59,47,3.33
187,Talcahuano,CL,2022-08-28 16:36:53,-36.7167,-73.1167,60.48,41,0,12.66
188,Manjacaze,MZ,2022-08-28 16:36:54,-24.7117,33.8828,70.32,71,1,6.29
189,Portree,GB,2022-08-28 16:36:54,57.4129,-6.1942,64.53,85,93,3.58
190,Abalak,RU,2022-08-28 16:36:54,58.1286,68.5944,57.27,82,7,6.13
191,Mana,GF,2022-08-28 16:36:54,5.6592,-53.7767,87.57,60,48,8.39
192,Huarmey,PE,2022-08-28 16:36:55,-10.0681,-78.1522,67.68,70,29,11.3
193,Saldanha,ZA,2022-08-28 16:36:55,-33.0117,17.9442,57.25,60,20,9.89
194,Grindavik,IS,2022-08-28 16:36:55,63.8424,-22.4338,55.35,100,75,19.57
195,Mozarlandia,BR,2022-08-28 16:36:55,-14.7447,-50.5706,98.64,14,1,5.82
196,Rutana,BI,2022-08-28 16:36:56,-3.8667,30.1,68.9,45,100,1.61
197,Gafanha Da Encarnacao,PT,2022-08-28 16:36:56,40.6181,-8.733,72.01,73,38,7.0
198,Scarborough,GB,2022-08-28 16:36:56,54.2797,-0.4044,67.57,76,91,4.0
199,Marzuq,YE,2022-08-28 16:36:56,14.4,46.4667,84.09,42,43,7.65
200,Marondera,ZW,2022-08-28 16:36:57,-18.1853,31.5519,60.37,37,2,5.91
201,Kondinskoye,RU,2022-08-28 16:36:57,59.6481,67.41,60.71,66,0,9.33
202,Milkovo,RU,2022-08-28 16:36:57,54.7167,158.6167,58.77,95,98,1.72
203,San Miguel,SV,2022-08-28 16:36:57,13.4833,-88.1833,83.86,88,20,4.61
204,Labrea,BR,2022-08-28 16:36:58,-7.2586,-64.7981,87.15,51,100,1.3
205,Palmer,US,2022-08-28 16:36:58,42.1584,-72.3287,79.27,66,75,1.99
206,Clyde River,CA,2022-08-28 16:35:53,70.4692,-68.5914,37.63,100,100,6.91
207,Buala,SB,2022-08-28 16:36:58,-8.145,159.5921,78.53,84,28,9.17
208,Urengoy,RU,2022-08-28 16:36:58,65.9667,78.3667,39.69,72,100,13.44
209,Itaqui,BR,2022-08-28 16:33:40,-29.1253,-56.5531,57.2,47,69,17.31
210,Souillac,MU,2022-08-28 16:32:44,-20.5167,57.5167,71.98,88,75,9.22
211,Prainha,BR,2022-08-28 16:36:59,-1.8,-53.48,94.06,39,91,4.61
212,Vikhorevka,RU,2022-08-28 16:36:59,56.1201,101.1636,42.39,91,85,11.14
213,Lodja,CD,2022-08-28 16:36:59,-3.4833,23.4333,73.38,87,95,2.04
214,Kristiansund,NO,2022-08-28 16:37:00,63.1115,7.732,57.25,71,75,5.75
215,New Bern,US,2022-08-28 16:35:59,35.1085,-77.0441,87.03,74,40,9.22
216,Baker City,US,2022-08-28 16:32:48,44.7749,-117.8344,60.6,54,0,3.44
217,Rozivka,UA,2022-08-28 16:37:00,46.9385,35.7724,78.75,59,3,6.78
218,Makasar,ID,2022-08-28 16:37:00,-5.14,119.4221,75.25,88,20,2.3
219,Vila Velha,BR,2022-08-28 16:33:54,-20.3297,-40.2925,84.15,69,0,16.11
220,Katsuura,JP,2022-08-28 16:37:00,35.1333,140.3,73.53,81,100,18.07
221,Narsaq,GL,2022-08-28 16:37:01,60.9167,-46.05,48.42,75,100,2.57
222,Sur,OM,2022-08-28 16:37:01,22.5667,59.5289,85.5,59,12,10.58
223,Vincennes,FR,2022-08-28 16:37:01,48.85,2.4333,82.02,46,0,8.05
224,Mubende,UG,2022-08-28 16:37:02,0.5606,31.39,63.63,95,68,1.95
225,Narva-Joesuu,EE,2022-08-28 16:37:02,59.4589,28.0408,72.95,56,38,6.02
226,Tutoia,BR,2022-08-28 16:37:02,-2.7619,-42.2744,83.95,63,93,11.3
227,Ponta Delgada,PT,2022-08-28 16:37:02,37.7333,-25.6667,77.5,69,40,14.97
228,Trujillo Alto,PR,2022-08-28 16:37:03,18.3547,-66.0074,89.47,73,40,12.66
229,Port Augusta,AU,2022-08-28 16:37:03,-32.5,137.7667,53.92,37,32,5.5
230,Finschhafen,PG,2022-08-28 16:37:03,-6.6024,147.8681,78.28,78,100,7.72
231,Cururupu,BR,2022-08-28 16:37:03,-1.8283,-44.8683,87.57,53,61,8.32
232,Strezhevoy,RU,2022-08-28 16:37:04,60.7333,77.5889,57.56,70,89,12.24
233,Barrow,US,2022-08-28 16:33:34,71.2906,-156.7887,37.42,100,100,5.75
234,Yerbogachen,RU,2022-08-28 16:37:04,61.2767,108.0108,40.87,94,85,9.35
235,Isangel,VU,2022-08-28 16:38:04,-19.55,169.2667,72.91,78,100,13.98
236,Shelburne,CA,2022-08-28 16:38:03,44.0787,-80.2041,78.24,49,93,9.42
237,Arraial Do Cabo,BR,2022-08-28 16:38:04,-22.9661,-42.0278,87.76,54,0,11.5
238,Evensk,RU,2022-08-28 16:38:05,61.95,159.2333,50.56,95,100,3.8
239,Nioro,GM,2022-08-28 16:38:05,13.35,-15.75,85.08,77,94,5.35
240,Taremskoye,RU,2022-08-28 16:37:21,55.9289,43.0443,73.8,36,93,3.31
241,Sovetskiy,RU,2022-08-28 16:38:05,61.3614,63.5842,65.14,74,7,7.94
242,Kokopo,PG,2022-08-28 16:38:05,-4.352,152.2633,76.42,81,57,4.14
243,Florida,US,2022-08-28 16:34:46,28.7505,-82.5001,89.01,72,100,1.99
244,Baracoa,CU,2022-08-28 16:38:06,20.3467,-74.4958,86.74,68,94,7.94
245,Auch,FR,2022-08-28 16:38:06,43.65,0.5833,94.44,54,9,3.0
246,Presidencia Roque Saenz Pena,AR,2022-08-28 16:38:06,-26.7852,-60.4388,68.11,25,56,15.57
247,Nantucket,US,2022-08-28 16:38:06,41.2835,-70.0995,77.11,74,0,12.66
248,Coruripe,BR,2022-08-28 16:38:07,-10.1256,-36.1756,76.17,78,64,10.65
249,Kuminskiy,RU,2022-08-28 16:38:07,58.6667,66.5667,57.92,64,5,5.91
250,Pekan,MY,2022-08-28 16:38:07,3.4836,103.3996,75.31,86,92,4.14
251,Bindi,SL,2022-08-28 16:38:07,9.9167,-11.45,73.56,96,85,7.67
252,Kaitangata,NZ,2022-08-28 16:38:08,-46.2817,169.8464,38.5,94,11,3.38
253,Upernavik,GL,2022-08-28 16:38:08,72.7868,-56.1549,39.25,70,65,6.82
254,Raudeberg,NO,2022-08-28 16:38:08,61.9875,5.1352,59.67,66,3,22.48
255,Alta Floresta,BR,2022-08-28 16:38:08,-9.8756,-56.0861,96.62,34,20,5.75
256,Namibe,AO,2022-08-28 16:37:07,-15.1961,12.1522,62.35,80,24,9.62
257,Te Anau,NZ,2022-08-28 16:38:09,-45.4167,167.7167,37.92,93,47,0.81
258,Porvoo,FI,2022-08-28 16:38:09,60.3923,25.6651,73.9,84,9,10.71
259,Camocim,BR,2022-08-28 16:38:09,-2.9022,-40.8411,89.51,50,82,14.25
260,Tevaitoa,PF,2022-08-28 16:38:10,-16.7833,-151.5,76.8,75,10,9.42
261,Lisala,CD,2022-08-28 16:38:10,2.15,21.5167,73.62,87,99,1.48
262,Honningsvag,NO,2022-08-28 16:38:10,70.9821,25.9704,51.55,76,75,9.22
263,Oktyabrskiy,RU,2022-08-28 16:38:10,54.4815,53.471,70.11,50,67,4.65
264,Ziniare,BF,2022-08-28 16:38:11,12.5822,-1.2983,80.64,77,96,8.39
265,Labuhan,ID,2022-08-28 16:38:11,-6.8844,112.2051,76.44,73,94,9.6
266,Nuevo Progreso,MX,2022-08-28 16:38:11,23.1667,-97.95,93.54,53,22,5.99
267,Moscow,RU,2022-08-28 16:37:45,55.7522,37.6156,82.83,35,100,6.53
268,Makakilo City,US,2022-08-28 16:38:12,21.3469,-158.0858,76.01,83,40,6.91
269,Mukerian,IN,2022-08-28 16:38:12,31.9506,75.6158,79.52,83,67,4.85
270,Ambilobe,MG,2022-08-28 16:38:12,-13.2,49.05,69.91,78,34,0.76
271,Pisco,PE,2022-08-28 16:38:13,-13.7,-76.2167,62.02,82,100,4.61
272,Fairbanks,US,2022-08-28 16:35:15,64.8378,-147.7164,52.92,91,100,3.44
273,Road Town,VG,2022-08-28 16:38:13,18.4167,-64.6167,87.89,74,40,9.22
274,Qandala,SO,2022-08-28 16:38:13,11.472,49.8728,87.28,63,11,3.18
275,Vestmannaeyjar,IS,2022-08-28 16:38:13,63.4427,-20.2734,52.79,87,75,19.57
276,Provideniya,RU,2022-08-28 16:38:14,64.3833,-173.3,43.29,81,42,2.95
277,Tuatapere,NZ,2022-08-28 16:38:14,-46.1333,167.6833,39.16,93,6,4.07
278,Alofi,NU,2022-08-28 16:38:14,-19.0595,-169.9187,62.49,100,49,1.14
279,Buin,CL,2022-08-28 16:33:39,-33.7333,-70.75,84.43,21,0,0.98
280,Danjiangkou,CN,2022-08-28 16:39:14,32.5428,111.5086,64.85,94,100,2.01
281,Sisimiut,GL,2022-08-28 16:39:15,66.9395,-53.6735,48.85,60,30,7.81
282,Luoyang,CN,2022-08-28 16:39:15,34.6836,112.4536,60.15,97,100,1.43
283,Saalfeld,DE,2022-08-28 16:39:15,50.65,11.3667,75.07,58,63,4.65
284,Emerald,AU,2022-08-28 16:39:15,-23.5333,148.1667,58.33,82,0,9.19
285,Mollendo,PE,2022-08-28 16:39:16,-17.0231,-72.0147,64.31,69,100,9.28
286,Port Macquarie,AU,2022-08-28 16:39:16,-31.4333,152.9167,55.89,100,75,0.0
287,Pavlivka,UA,2022-08-28 16:39:16,49.4414,28.4596,75.61,27,6,4.65
288,Anjiang,CN,2022-08-28 16:39:17,27.3194,110.1031,78.66,84,91,2.33
289,Menongue,AO,2022-08-28 16:39:17,-14.6585,17.691,76.51,19,13,4.12
290,Saint-Leu,RE,2022-08-28 16:39:17,-21.15,55.2833,72.46,76,10,3.27
291,Portland,US,2022-08-28 16:38:53,45.5234,-122.6762,65.35,75,40,5.75
292,Goderich,CA,2022-08-28 16:39:17,43.7501,-81.7165,77.92,57,100,11.5
293,Avesta,SE,2022-08-28 16:39:18,60.1455,16.1679,61.39,66,100,4.56
294,Gigmoto,PH,2022-08-28 16:39:18,13.7796,124.39,80.87,86,80,6.22
295,Sabanagrande,CO,2022-08-28 16:39:18,10.7912,-74.7606,86.09,74,40,14.97
296,Ouadda,CF,2022-08-28 16:39:18,8.0777,22.4007,68.85,95,84,3.4
297,Mineiros,BR,2022-08-28 16:39:19,-17.5694,-52.5511,91.74,17,27,8.32
298,Bengkulu,ID,2022-08-28 16:34:40,-3.8004,102.2655,74.82,90,100,4.21
299,Kristiinankaupunki,FI,2022-08-28 16:39:19,62.2743,21.376,57.09,64,100,7.2
300,Fairlie,GB,2022-08-28 16:39:19,55.756,-4.8556,71.51,69,100,1.99
301,Nizhneivkino,RU,2022-08-28 16:39:20,58.194,49.5214,66.45,65,62,5.23
302,Seymchan,RU,2022-08-28 16:39:20,62.8833,152.4333,51.15,77,100,4.68
303,Batagay-Alyta,RU,2022-08-28 16:39:20,67.8006,130.4114,39.87,92,18,4.76
304,Chuy,UY,2022-08-28 16:39:20,-33.6971,-53.4616,51.89,46,68,14.18
305,Krasnyy Kholm,RU,2022-08-28 16:39:20,58.0607,37.1203,75.09,38,100,4.09
306,Guarapari,BR,2022-08-28 16:39:21,-20.6667,-40.4975,79.9,67,0,17.31
307,Ardmore,US,2022-08-28 16:39:21,34.1743,-97.1436,89.85,65,0,12.66
308,Belyy Yar,RU,2022-08-28 16:39:21,53.6039,91.3903,50.86,67,0,4.47
309,Sorland,NO,2022-08-28 16:34:47,67.667,12.6934,51.66,84,100,17.2
310,Geraldton,AU,2022-08-28 16:39:22,-28.7667,114.6,52.21,93,100,3.44
311,Hasaki,JP,2022-08-28 16:39:22,35.7333,140.8333,68.4,77,94,17.36
312,Naron,ES,2022-08-28 16:39:22,43.5167,-8.1528,78.91,73,19,2.84
313,Burnie,AU,2022-08-28 16:39:22,-41.0667,145.9167,52.95,86,100,10.67
314,Luanda,AO,2022-08-28 16:37:56,-8.8368,13.2343,73.4,73,75,3.44
315,Kulhudhuffushi,MV,2022-08-28 16:39:23,6.6221,73.07,80.71,82,73,18.63
316,General Artigas,PY,2022-08-28 16:39:23,-26.9333,-56.2167,52.83,71,100,12.21
317,Tokur,RU,2022-08-28 16:39:23,53.1333,132.9,42.26,84,41,2.53
318,North Bend,US,2022-08-28 16:39:23,43.4065,-124.2243,66.16,85,0,5.75
319,Hovd,MN,2022-08-28 16:39:24,48.0056,91.6419,55.65,62,88,2.3
320,Zhigansk,RU,2022-08-28 16:39:24,66.7697,123.3711,47.64,80,100,12.86
321,Port Hardy,CA,2022-08-28 16:39:24,50.6996,-127.4199,57.38,94,100,6.91
322,Filadelfia,US,2022-08-28 16:39:23,39.9523,-75.1638,88.3,68,75,11.5
323,Atar,MR,2022-08-28 16:39:24,20.5169,-13.0499,103.78,16,6,8.25
324,Curug,ID,2022-08-28 16:39:25,-6.2658,106.5564,82.24,84,75,4.61
325,Onguday,RU,2022-08-28 16:39:25,50.75,86.15,43.07,85,29,1.28
326,Inta,RU,2022-08-28 16:40:25,66.0317,60.1659,57.15,92,83,8.93
327,Nidzica,PL,2022-08-28 16:40:25,53.3605,20.4275,83.79,38,29,6.78
328,Guerrero Negro,MX,2022-08-28 16:37:21,27.9769,-114.0611,73.89,70,87,13.11
329,Svetlaya,RU,2022-08-28 16:40:26,46.5389,138.3297,55.87,78,0,7.72
330,Yabrud,SY,2022-08-28 16:40:26,33.9674,36.6574,79.68,25,20,4.36
331,Ystad,SE,2022-08-28 16:40:26,55.4297,13.8204,71.37,72,39,13.87
332,Hun,LY,2022-08-28 16:40:26,29.1268,15.9477,93.45,23,0,13.42
333,Nha Trang,VN,2022-08-28 16:40:27,12.25,109.1833,80.6,87,100,4.5
334,Hualmay,PE,2022-08-28 16:40:27,-11.0964,-77.6139,66.69,69,30,10.94
335,Camacha,PT,2022-08-28 16:40:27,33.0833,-16.3333,72.82,60,20,12.66
336,Kaputa,ZM,2022-08-28 16:40:27,-8.4689,29.6619,78.39,43,19,4.5
337,Wardenburg,DE,2022-08-28 16:40:28,53.0667,8.2,69.28,61,5,7.0
338,Zambezi,ZM,2022-08-28 16:40:28,-13.5432,23.1047,76.26,21,5,3.69
339,Puerto Escondido,MX,2022-08-28 16:40:28,15.85,-97.0667,82.8,70,100,1.1
340,Tura,IN,2022-08-28 16:38:11,25.5198,90.2201,74.41,94,84,4.83
341,Boa Vista,BR,2022-08-28 16:40:28,2.8197,-60.6733,78.78,78,75,2.3
342,Haapiti,PF,2022-08-28 16:40:29,-17.5667,-149.8667,69.53,75,0,4.83
343,Ambulu,ID,2022-08-28 16:40:29,-8.345,113.6058,73.51,84,100,2.57
344,Tessalit,ML,2022-08-28 16:40:29,20.1986,1.0114,93.22,32,100,2.77
345,Talnakh,RU,2022-08-28 16:40:29,69.4865,88.3972,36.21,76,97,6.4
346,Oranjestad,AW,2022-08-28 16:40:30,12.524,-70.027,89.55,58,20,21.85
347,Vila Franca Do Campo,PT,2022-08-28 16:37:07,37.7167,-25.4333,77.2,72,71,11.45
348,Levelland,US,2022-08-28 16:40:30,33.5873,-102.378,88.2,41,10,12.91
349,Henties Bay,NA,2022-08-28 16:40:30,-22.116,14.2845,55.13,86,0,12.62
350,Les Cayes,HT,2022-08-28 16:40:31,18.2,-73.75,86.97,62,98,14.2
351,Hambantota,LK,2022-08-28 16:40:31,6.1241,81.1185,79.05,79,74,17.05
352,Dubbo,AU,2022-08-28 16:40:31,-32.25,148.6167,53.73,82,75,10.36
353,San-Pedro,CI,2022-08-28 16:40:31,4.7485,-6.6363,75.15,90,99,7.29
354,Najran,SA,2022-08-28 16:40:32,17.4924,44.1277,90.25,20,58,10.76
355,Penzance,GB,2022-08-28 16:38:14,50.1186,-5.5371,66.88,73,94,18.61
356,Hit,IQ,2022-08-28 16:40:32,33.6416,42.8251,98.67,9,0,10.96
357,Bukama,CD,2022-08-28 16:40:32,-9.2,25.85,85.37,22,46,2.62
358,Dali,CN,2022-08-28 16:40:32,25.7,100.1833,62.98,95,100,4.32
359,Aleksandrov Gay,RU,2022-08-28 16:40:33,50.147,48.5704,86.13,17,56,9.35
360,Salalah,OM,2022-08-28 16:40:33,17.0151,54.0924,78.89,89,75,8.05
361,Guangyuan,CN,2022-08-28 16:39:22,32.442,105.823,66.13,98,100,7.29
362,Rusape,ZW,2022-08-28 16:40:33,-18.5278,32.1284,62.92,43,2,7.34
363,Bundaberg,AU,2022-08-28 16:40:34,-24.85,152.35,61.21,94,24,1.01
364,Prince Rupert,CA,2022-08-28 16:40:11,54.3161,-130.3201,57.29,94,100,20.71
365,Svetlogorsk,BY,2022-08-28 16:40:34,52.6333,29.7333,64.33,71,96,4.12
366,South Sioux City,US,2022-08-28 16:40:34,42.4739,-96.4136,78.75,73,20,16.11
367,Doka,SD,2022-08-28 16:40:34,13.5167,35.7667,72.46,83,91,4.34
368,Gimli,CA,2022-08-28 16:40:35,50.6336,-96.9907,73.42,64,78,9.22
369,Bulawayo,ZW,2022-08-28 16:40:35,-20.15,28.5833,70.38,20,0,10.92
370,Linxia,CN,2022-08-28 16:40:35,35.6003,103.2064,55.49,83,100,0.89
371,Yulara,AU,2022-08-28 16:40:35,-25.2406,130.9889,55.6,33,1,12.75
372,San Pedro,PH,2022-08-28 16:41:36,14.35,121.0167,78.03,91,75,4.61
373,Bonfim,BR,2022-08-28 16:41:36,3.0833,-59.95,88.45,57,38,2.26
374,Klaksvik,FO,2022-08-28 16:41:36,62.2266,-6.589,50.92,73,8,9.73
375,Usinsk,RU,2022-08-28 16:41:36,65.9939,57.5281,57.34,82,89,8.95
376,Kashi,CN,2022-08-28 16:41:37,39.4547,75.9797,61.81,82,71,8.95
377,Mgandu,TZ,2022-08-28 16:41:37,-5.95,34.1333,70.81,41,95,5.08
378,Tukrah,LY,2022-08-28 16:41:37,32.5341,20.5791,81.34,67,19,16.46
379,Port Hueneme,US,2022-08-28 16:40:58,34.1478,-119.1951,83.07,81,100,5.75
380,Lingao,CN,2022-08-28 16:41:37,19.9103,109.6859,80.69,86,69,6.42
381,Nikolsk,RU,2022-08-28 16:41:38,53.7189,46.0712,73.72,39,96,7.87
382,Santa Rosalia,MX,2022-08-28 16:41:38,27.3167,-112.2833,87.57,42,9,3.83
383,Channel-Port Aux Basques,CA,2022-08-28 16:41:38,47.5702,-59.1367,66.07,64,6,13.13
384,Krasnooktyabrskiy,RU,2022-08-28 16:41:38,44.9328,38.3712,87.1,82,18,7.0
385,Flinders,AU,2022-08-28 16:41:39,-34.5833,150.8552,60.39,79,80,6.4
386,Olavarria,AR,2022-08-28 16:41:39,-36.8927,-60.3225,52.02,36,0,8.48
387,Boende,CD,2022-08-28 16:41:39,-0.2167,20.8667,76.42,81,98,3.15
388,Jalu,LY,2022-08-28 16:41:39,29.0331,21.5482,94.46,25,0,10.65
389,Agadir,MA,2022-08-28 16:41:40,30.4202,-9.5982,79.25,67,62,5.14
390,Brigantine,US,2022-08-28 16:41:40,39.4101,-74.3646,84.06,85,100,10.36
391,San Cristobal,VE,2022-08-28 16:38:56,7.7669,-72.225,77.18,46,48,8.25
392,Ixtapa,MX,2022-08-28 16:41:40,20.7,-105.2,86.23,70,20,4.0
393,Ormara,PK,2022-08-28 16:41:40,25.2088,64.6357,79.61,83,7,15.01
394,Asmara,ER,2022-08-28 16:41:41,15.3333,38.9333,63.57,63,3,3.8
395,Matagami,CA,2022-08-28 16:41:41,49.7502,-77.6328,66.31,77,100,13.8
396,Hofn,IS,2022-08-28 16:41:41,64.2539,-15.2082,53.62,76,75,6.91
397,Zavyalovo,RU,2022-08-28 16:41:41,54.5053,82.4484,53.62,68,64,10.09
398,Keti Bandar,PK,2022-08-28 16:41:42,24.1447,67.4497,80.49,78,100,12.41
399,Bolitoc,PH,2022-08-28 16:41:42,15.7395,119.8769,79.83,84,100,3.36
400,Frolovo,RU,2022-08-28 16:41:42,49.7713,43.6622,83.39,19,99,9.44
401,Victoria,HK,2022-08-28 16:40:08,22.2855,114.1577,86.38,84,100,5.99
402,Necochea,AR,2022-08-28 16:40:02,-38.5473,-58.7368,49.1,52,16,16.15
403,San Quintin,MX,2022-08-28 16:41:17,30.4833,-115.95,71.22,75,90,8.86
404,Beyneu,KZ,2022-08-28 16:41:42,45.3167,55.2,89.19,19,21,6.85
405,Kunda,IN,2022-08-28 16:41:43,25.7167,81.5167,80.15,88,88,5.64
406,Frontera,MX,2022-08-28 16:41:43,26.9333,-101.45,87.33,74,40,0.0
407,Tirumullaivasal,IN,2022-08-28 16:41:43,11.2333,79.8333,81.16,81,97,8.5
408,Acapulco,MX,2022-08-28 16:41:04,16.8634,-99.8901,84.02,70,40,4.61
409,Atherton,GB,2022-08-28 16:41:44,53.5237,-2.4935,74.75,60,100,5.97
410,Marsabit,KE,2022-08-28 16:41:44,2.3284,37.9899,71.42,44,2,16.98
411,Broceni,LV,2022-08-28 16:41:44,56.7,22.5333,74.41,48,4,4.36
412,Arona,ES,2022-08-28 16:39:12,28.0996,-16.681,72.12,72,40,18.41
413,Lakki Marwat,PK,2022-08-28 16:41:44,32.6079,70.9114,91.98,52,21,5.84
414,Kurunegala,LK,2022-08-28 16:41:45,7.4863,80.3623,73.45,92,29,3.98
415,Oranjemund,NA,2022-08-28 16:41:45,-28.55,16.4333,55.11,75,0,16.58
416,Petropavlovsk-Kamchatskiy,RU,2022-08-28 16:41:19,53.0452,158.6483,54.19,100,100,4.47
417,Simbahan,PH,2022-08-28 16:41:45,6.3032,120.5836,83.53,74,61,10.22
418,Karlskoga,SE,2022-08-28 16:41:45,59.3267,14.5239,56.52,76,100,9.84
419,Makhachkala,RU,2022-08-28 16:42:46,42.9764,47.5024,77.02,62,0,19.13
420,Micheweni,TZ,2022-08-28 16:42:46,-4.9667,39.8333,74.64,78,15,13.18
421,Iberia,US,2022-08-28 16:42:46,29.9502,-91.7507,89.1,66,20,6.91
422,Arcachon,FR,2022-08-28 16:42:46,44.5875,-1.0519,95.05,21,0,10.36
423,Ampanihy,MG,2022-08-28 16:42:47,-24.7,44.75,67.95,55,1,7.63
424,Port-Cartier,CA,2022-08-28 16:42:47,50.0334,-66.8654,67.68,52,88,13.58
425,Pictou,CA,2022-08-28 16:42:47,45.6834,-62.7153,71.04,60,1,4.61
426,Ngaoundere,CM,2022-08-28 16:42:48,7.3167,13.5833,64.2,97,94,4.68
427,Lubao,PH,2022-08-28 16:42:48,14.9167,120.55,78.51,94,95,2.68
428,Shieli,KZ,2022-08-28 16:42:48,44.1667,66.75,78.93,22,1,6.22
429,Punta Alta,AR,2022-08-28 16:42:48,-38.8759,-62.0736,54.68,30,0,10.4
430,Bilibino,RU,2022-08-28 16:42:49,68.0546,166.4372,49.06,65,84,2.48
431,Adeje,ES,2022-08-28 16:42:49,28.1227,-16.726,76.32,73,40,18.41
432,Westport,US,2022-08-28 16:42:49,41.1415,-73.3579,82.09,63,100,12.66
433,Faya,SA,2022-08-28 16:42:49,18.3851,42.4509,78.91,45,99,7.09
434,Mosetse,BW,2022-08-28 16:42:50,-20.75,26.65,76.86,14,0,10.94
435,Kimberley,ZA,2022-08-28 16:42:50,-28.7323,24.7623,78.49,15,0,13.8
436,San Lorenzo,PY,2022-08-28 16:42:49,-25.3333,-57.5333,59.94,72,100,28.77
437,Lincoln,US,2022-08-28 16:39:03,40.8,-96.667,88.14,77,0,16.11
438,Velsk,RU,2022-08-28 16:42:50,61.0701,42.0983,69.67,55,41,5.03
439,Viking,CA,2022-08-28 16:42:50,53.1001,-111.7684,60.93,48,25,16.4
440,Sola,VU,2022-08-28 16:42:51,-13.8833,167.55,79.21,79,39,17.92
441,Falmouth,GB,2022-08-28 16:42:51,50.1544,-5.0711,68.9,90,94,16.11
442,Mitsamiouli,KM,2022-08-28 16:42:51,-11.3847,43.2844,73.69,78,20,3.44
443,Namatanai,PG,2022-08-28 16:42:51,-3.6667,152.4333,79.52,80,58,10.89
444,Sarangani,PH,2022-08-28 16:42:52,5.4033,125.4636,83.86,73,77,12.95
445,Manjeshwar,IN,2022-08-28 16:38:53,12.7194,74.8861,79.75,92,99,10.74
446,Pemangkat,ID,2022-08-28 16:42:52,1.1667,108.9667,78.19,81,100,2.68
447,Riberalta,BO,2022-08-28 16:42:52,-10.9833,-66.1,88.0,62,100,6.91
448,Lyngseidet,NO,2022-08-28 16:42:52,69.5763,20.2189,51.8,90,100,5.75
449,Autun,FR,2022-08-28 16:42:53,46.95,4.3,81.09,37,11,3.98
450,Karatsu,JP,2022-08-28 16:42:53,33.4425,129.9697,71.91,33,64,1.99
451,Takoradi,GH,2022-08-28 16:42:53,4.8845,-1.7554,77.16,77,92,10.67
452,Krasnoselkup,RU,2022-08-28 16:42:53,65.7,82.4667,39.38,85,100,11.81
453,Guarda,PT,2022-08-28 16:39:12,40.5373,-7.2658,85.23,28,0,11.34
454,Nabire,ID,2022-08-28 16:42:54,-3.3667,135.4833,75.22,92,100,3.56
455,Pachino,IT,2022-08-28 16:42:54,36.7186,15.0907,76.35,71,5,12.8
456,Fortuna,US,2022-08-28 16:41:13,40.5982,-124.1573,57.54,100,20,0.0
457,Esmeraldas,BR,2022-08-28 16:39:02,-19.7625,-44.3139,91.51,23,0,1.72
458,Santa Isabel Do Rio Negro,BR,2022-08-28 16:42:54,-0.4139,-65.0192,86.22,62,99,2.91
459,Xiaoweizhai,CN,2022-08-28 16:42:55,26.1903,107.5125,72.82,97,99,5.55
460,Illapel,CL,2022-08-28 16:42:55,-31.6308,-71.1653,79.86,23,0,6.78
461,Lianzhou,CN,2022-08-28 16:42:55,24.7811,112.3825,81.09,84,99,2.77
462,Elixir,HN,2022-08-28 16:42:55,15.4833,-86.3,94.86,44,52,2.15
463,Ferme-Neuve,CA,2022-08-28 16:42:56,46.7001,-75.4493,74.71,47,75,6.93
464,Touros,BR,2022-08-28 16:40:02,-5.1989,-35.4608,82.78,64,38,18.03
465,Buturlinovka,RU,2022-08-28 16:43:56,50.8239,40.6092,80.42,15,59,10.54
466,Lata,PT,2022-08-28 16:41:52,40.1629,-8.3327,82.96,43,33,8.75
467,Russell,US,2022-08-28 16:43:56,32.3502,-85.1999,88.38,66,0,4.61
468,Plouzane,FR,2022-08-28 16:43:57,48.3833,-4.6167,77.05,52,0,16.11
469,Neuquen,AR,2022-08-28 16:39:15,-38.9516,-68.0591,55.29,33,0,0.0
470,Kansk,RU,2022-08-28 16:40:16,56.2017,95.7175,48.36,77,99,17.6
471,Opuwo,NA,2022-08-28 16:43:57,-18.0607,13.84,78.85,16,0,3.51
472,Beisfjord,NO,2022-08-28 16:43:57,68.3751,17.5988,54.05,96,100,6.71
473,San Vicente,AR,2022-08-28 16:43:57,-26.6167,-54.1333,53.78,94,100,5.93
474,Igrim,RU,2022-08-28 16:43:58,63.1906,64.4162,62.46,91,42,6.26
475,Bollnas,SE,2022-08-28 16:43:58,61.3482,16.3946,60.46,56,100,4.54
476,Santa Vitoria Do Palmar,BR,2022-08-28 16:41:13,-33.5189,-53.3681,52.12,46,62,13.89
477,Lahij,YE,2022-08-28 16:43:58,13.1667,44.5833,88.5,43,48,5.79
478,Daura,NG,2022-08-28 16:43:58,11.5538,11.4085,69.17,92,100,10.07
479,Capao Da Canoa,BR,2022-08-28 16:43:59,-29.7456,-50.0097,53.71,65,100,14.36
480,Laguna,US,2022-08-28 16:43:59,38.421,-121.4238,78.08,69,0,8.05
481,Cayenne,GF,2022-08-28 16:40:12,4.9333,-52.3333,89.64,51,40,4.61
482,Altar,MX,2022-08-28 16:43:59,30.7,-111.8167,87.26,58,0,4.32
483,Booue,GA,2022-08-28 16:43:59,-0.0921,11.9385,82.89,53,88,2.71
484,Kapit,MY,2022-08-28 16:44:00,2.0167,112.9333,74.64,99,100,2.04
485,Ucluelet,CA,2022-08-28 16:39:26,48.9329,-125.5528,58.08,88,69,1.54
486,Laguna De Perlas,NI,2022-08-28 16:44:00,12.3429,-83.6712,86.09,67,96,3.87
487,Surt,LY,2022-08-28 16:44:00,31.2089,16.5887,82.27,66,0,11.88
488,Bajil,YE,2022-08-28 16:44:01,15.0584,43.2851,90.88,48,26,4.97
489,Likasi,CD,2022-08-28 16:44:01,-10.9814,26.7333,71.51,29,76,0.07
490,Trairi,BR,2022-08-28 16:40:27,-3.2778,-39.2689,86.65,51,45,15.75
491,Cockburn Town,TC,2022-08-28 16:41:15,21.4612,-71.1419,87.76,62,40,14.97
492,Soyo,AO,2022-08-28 16:44:01,-6.1349,12.3689,72.45,79,97,8.59
493,Ust-Tsilma,RU,2022-08-28 16:44:01,65.441,52.1498,59.11,72,98,3.11
494,Yar-Sale,RU,2022-08-28 16:44:02,66.8333,70.8333,40.64,65,95,10.42
495,Chongqing,CN,2022-08-28 16:44:02,29.5628,106.5528,90.23,64,0,0.0
496,Banda Aceh,ID,2022-08-28 16:44:02,5.5577,95.3222,79.18,78,94,13.33
497,Beni,CD,2022-08-28 16:44:02,0.5,29.4667,64.18,97,85,2.24
498,Bowen,AU,2022-08-28 16:44:03,-20.0167,148.2333,69.67,79,95,15.97
499,Husavik,IS,2022-08-28 16:41:48,66.0449,-17.3389,54.1,56,100,4.45
500,Puerto Del Rosario,ES,2022-08-28 16:44:03,28.5004,-13.8627,76.75,65,20,17.27
501,Bandarbeyla,SO,2022-08-28 16:44:03,9.4942,50.8122,75.31,85,22,26.75
502,Boguchany,RU,2022-08-28 16:44:04,58.3814,97.4531,43.75,95,98,7.18
503,Boden,SE,2022-08-28 16:44:04,65.8252,21.6886,62.6,54,11,7.67
504,Marrakesh,MA,2022-08-28 16:39:18,31.6315,-8.0083,93.27,38,40,5.75
505,Ishigaki,JP,2022-08-28 16:44:04,24.3448,124.1572,78.93,100,38,3.44
506,Preobrazheniye,RU,2022-08-28 16:44:04,42.9019,133.9064,62.56,67,80,5.82
507,Ust-Maya,RU,2022-08-28 16:45:05,60.4167,134.5333,52.81,67,100,0.89
508,Port Hedland,AU,2022-08-28 16:45:05,-20.3167,118.5667,59.05,82,0,5.75
509,Luganville,VU,2022-08-28 16:45:05,-15.5333,167.1667,76.35,88,82,11.74
510,Sayaxche,GT,2022-08-28 16:45:05,16.5167,-90.1667,85.82,64,100,4.32
511,Deer Lake,CA,2022-08-28 16:43:14,49.1667,-57.4316,71.46,40,75,16.11
512,College,US,2022-08-28 16:45:06,64.8569,-147.8028,52.9,90,75,3.44
513,Kununurra,AU,2022-08-28 16:45:06,-15.7667,128.7333,62.58,77,0,0.0
514,Constitucion,CL,2022-08-28 16:45:06,-35.3333,-72.4167,61.07,47,0,7.81
515,Meulaboh,ID,2022-08-28 16:45:07,4.1363,96.1285,75.61,88,84,2.37
516,Vangaindrano,MG,2022-08-28 16:45:07,-23.35,47.6,66.04,86,1,4.43
517,Manokwari,ID,2022-08-28 16:45:07,-0.8667,134.0833,77.67,81,100,4.52
518,Pontes E Lacerda,BR,2022-08-28 16:41:49,-15.2261,-59.3353,94.08,22,52,7.18
519,Itamaraca,BR,2022-08-28 16:45:07,-7.7478,-34.8256,82.45,66,31,12.86
520,Uvat,RU,2022-08-28 16:45:08,59.1433,68.8953,57.85,73,0,6.49
521,Guozhen,CN,2022-08-28 16:45:08,34.3659,107.359,63.25,96,100,1.48
522,Sakakah,SA,2022-08-28 16:45:08,29.9697,40.2064,99.97,12,3,8.81
523,Port Keats,AU,2022-08-28 16:45:08,-14.25,129.55,72.12,71,8,5.26
524,Caborca,MX,2022-08-28 16:45:09,30.5838,-111.101,82.58,68,2,5.28
525,Olafsvik,IS,2022-08-28 16:45:09,64.8945,-23.7142,52.38,86,100,16.11
526,Hirtshals,DK,2022-08-28 16:45:09,57.5881,9.9592,63.79,81,85,17.98
527,Gizo,SB,2022-08-28 16:45:09,-8.103,156.8419,80.38,79,100,7.67
528,Koscierzyna,PL,2022-08-28 16:45:10,54.1223,17.9812,71.31,93,97,11.34
529,Dobryanka,RU,2022-08-28 16:44:26,58.4619,56.4165,65.84,74,86,3.58
530,Saint-Michel-Des-Saints,CA,2022-08-28 16:45:10,46.6834,-73.9159,73.94,43,56,6.04
531,Taber,CA,2022-08-28 16:42:16,49.8167,-112.1518,62.44,59,98,11.5
532,Tecoanapa,MX,2022-08-28 16:45:10,16.5167,-98.75,85.6,65,98,2.19
533,Lotofaga,WS,2022-08-28 16:45:11,-13.9764,-171.8578,79.0,69,7,15.28
534,Pangkalanbuun,ID,2022-08-28 16:45:11,-2.6833,111.6167,73.54,99,100,0.96
535,Mayo,US,2022-08-28 16:45:11,38.8876,-76.5119,88.36,78,40,9.22
536,Severo-Yeniseyskiy,RU,2022-08-28 16:45:11,60.3725,93.0408,39.65,95,100,6.35
537,Chara,RU,2022-08-28 16:45:12,56.9064,118.2631,53.15,82,97,0.74
538,Pangnirtung,CA,2022-08-28 16:45:12,66.1451,-65.7125,50.0,57,75,9.22
539,Barabai,ID,2022-08-28 16:45:12,-2.5833,115.3833,73.0,97,56,1.72
540,Sheltozero,RU,2022-08-28 16:45:12,61.3667,35.3667,70.93,64,60,3.04
541,Anadyr,RU,2022-08-28 16:45:13,64.75,177.4833,45.1,93,40,2.24
542,Ozernovskiy,RU,2022-08-28 16:45:13,51.5,156.5167,64.0,91,7,25.55
543,Dubai,AE,2022-08-28 16:43:27,25.2582,55.3047,93.13,52,0,6.91
544,Yumen,CN,2022-08-28 16:45:13,40.2833,97.2,69.22,32,91,1.81
545,Sharjah,AE,2022-08-28 16:45:13,25.3573,55.4033,93.18,52,0,6.91
546,Rosetta,EG,2022-08-28 16:45:14,31.4044,30.4164,79.34,72,0,13.44
547,Tateyama,JP,2022-08-28 16:45:14,34.9833,139.8667,72.1,82,89,15.9
548,Champerico,GT,2022-08-28 16:41:16,14.3,-91.9167,82.94,69,94,4.27
549,Vostok,RU,2022-08-28 16:45:14,46.4856,135.8833,46.67,95,43,4.61
550,Wilmington,US,2022-08-28 16:42:09,34.2257,-77.9447,87.85,70,40,9.22
551,Vanderhoof,CA,2022-08-28 16:45:14,54.0166,-124.0198,58.35,62,100,5.03
552,Porto De Moz,BR,2022-08-28 16:45:15,-1.7483,-52.2383,94.75,38,87,3.87
553,Nouadhibou,MR,2022-08-28 16:45:15,20.931,-17.0347,78.78,65,10,21.85
554,Salym,RU,2022-08-28 16:45:15,60.0625,71.4789,59.9,63,0,8.99
555,Puerto Penasco,MX,2022-08-28 16:46:09,31.3167,-113.5333,87.91,77,0,18.01
556,Poltava,UA,2022-08-28 16:46:16,49.5937,34.5407,70.27,79,58,8.59
